{
    "MNIST": [
        {
            "acc/test/MNIST": 0.08919999748468399,
            "loss/test/MNIST": 2.3669347763061523,
            "normalized_acc/test/MNIST": 0.08969331532716751
        }
    ],
    "EuroSAT": [
        {
            "acc/test/EuroSAT": 0.09740740805864334,
            "loss/test/EuroSAT": 3.6810097694396973,
            "normalized_acc/test/EuroSAT": 0.09813433140516281
        }
    ],
    "SVHN": [
        {
            "acc/test/SVHN": 0.09157959371805191,
            "loss/test/SVHN": 2.294316053390503,
            "normalized_acc/test/SVHN": 0.09473851323127747
        }
    ],
    "GTSRB": [
        {
            "acc/test/GTSRB": 0.021377671509981155,
            "loss/test/GTSRB": 5.154699325561523,
            "normalized_acc/test/GTSRB": 0.021608643233776093
        }
    ],
    "DTD": [
        {
            "acc/test/DTD": 0.021276595070958138,
            "loss/test/DTD": 5.282603740692139,
            "normalized_acc/test/DTD": 0.027210883796215057
        }
    ],
    "Cars": [
        {
            "acc/test/Cars": 0.00447705527767539,
            "loss/test/Cars": 8.449631690979004,
            "normalized_acc/test/Cars": 0.005609224550426006
        }
    ],
    "RESISC45": [
        {
            "acc/test/RESISC45": 0.020158730447292328,
            "loss/test/RESISC45": 5.241456031799316,
            "normalized_acc/test/RESISC45": 0.021152565255761147
        }
    ],
    "SUN397": [
        {
            "acc/test/SUN397": 0.002518891589716077,
            "loss/test/SUN397": 9.417210578918457,
            "normalized_acc/test/SUN397": 0.0033640582114458084
        }
    ],
    "avg": [
        {
            "acc/test/avg": 0.04349949289462529,
            "normalized_acc/test/avg": 0.04518894187640399
        }
    ]
}